City_ID,City,Lat,Lng,Max Temp,Humidity,Cloudiness,Wind Speed,Country,Date
0,papatowai,-46.5619,169.4708,41.95,84,90,7.47,NZ,1692296852
1,utrik,11.2278,169.8474,82.69,74,37,11.65,MH,1692296852
2,puerto natales,-51.7236,-72.4875,34.25,60,20,4.61,CL,1692296853
3,iqaluit,63.7506,-68.5145,44.33,87,40,16.11,CA,1692296853
4,port-aux-francais,-49.35,70.2167,33.73,69,91,42.73,TF,1692296855
5,jamestown,42.097,-79.2353,78.39,62,100,13.8,US,1692296765
6,grand falls-windsor,48.9332,-55.6649,75.51,62,31,4.81,CA,1692296857
7,badger,64.8,-147.5333,58.14,80,100,9.22,US,1692296858
8,chonchi,-42.6128,-73.8092,47.41,76,70,6.85,CL,1692296859
9,erenhot,43.6475,111.9767,72.88,24,0,5.64,CN,1692296859
10,petropavlovsk-kamchatsky,53.0452,158.6483,61.39,94,75,4.47,RU,1692296860
11,koryazhma,61.3143,47.1691,64.24,80,86,4.61,RU,1692296814
12,adamstown,-25.066,-130.1015,64.15,53,51,27.45,PN,1692296861
13,sitka,57.0531,-135.33,55.29,88,75,4.61,US,1692296861
14,nikol'sk,53.7189,46.0712,71.33,54,58,6.29,RU,1692296861
15,byron bay,-28.65,153.6167,63.72,92,47,9.91,AU,1692296646
16,avarua,-21.2078,-159.775,75.25,78,100,10.36,CK,1692296862
17,san antonio de pale,-1.4014,5.6325,73.89,90,100,14.47,GQ,1692296862
18,tsiombe,-25.3,45.4833,65.77,65,4,15.88,MG,1692296863
19,margaret river,-33.95,115.0667,55.56,78,46,7.87,AU,1692296863
20,cockburn town,21.4612,-71.1419,84.16,74,75,11.5,TC,1692296864
21,yellowknife,62.456,-114.3525,59.52,90,100,11.5,CA,1692296564
22,grytviken,-54.2811,-36.5092,22.35,82,100,13.53,GS,1692296864
23,carnarvon,-24.8667,113.6333,61.05,42,0,23.73,AU,1692296864
24,mandalgovi,45.7625,106.2708,56.75,47,98,21.61,MN,1692296865
25,saudarkrokur,65.7461,-19.6394,53.94,78,100,6.02,IS,1692296865
26,tiksi,71.6872,128.8694,36.59,95,89,6.62,RU,1692296865
27,nantucket,41.2835,-70.0995,70.0,88,100,10.36,US,1692296622
28,hamilton,39.1834,-84.5333,81.88,59,20,18.41,US,1692296866
29,luderitz,-26.6481,15.1594,57.25,67,94,11.68,NA,1692296866
30,hawaiian paradise park,19.5933,-154.9731,80.89,87,75,5.75,US,1692296866
31,rikaze,29.25,88.8833,63.3,45,95,3.18,CN,1692296867
32,dame-marie,18.5667,-74.4167,85.37,69,12,5.99,HT,1692296867
33,whitehorse,60.7161,-135.0538,50.09,77,100,2.3,CA,1692296867
34,beyneu,45.3167,55.2,86.34,30,10,13.24,KZ,1692296867
35,ushuaia,-54.8,-68.3,38.82,56,0,3.44,AR,1692296868
36,lebu,-37.6167,-73.65,51.6,55,68,6.91,CL,1692296868
37,nadym,65.5333,72.5167,51.96,89,98,4.41,RU,1692296868
38,waitangi,-43.9535,-176.5597,46.81,85,52,4.0,NZ,1692296868
39,gadzhiyevo,69.2551,33.3362,47.37,78,100,25.97,RU,1692296869
40,aykhal,66.0,111.5,57.61,75,96,10.09,RU,1692296869
41,bel ombre,-4.6167,55.4167,78.64,89,40,14.97,SC,1692296870
42,valentin gomez farias,28.2167,-106.5833,85.23,27,1,9.93,MX,1692296870
43,ilulissat,69.2167,-51.1,48.22,49,20,3.44,GL,1692296871
44,callao,-12.0667,-77.15,73.69,64,75,10.36,PE,1692296871
45,lompoc,34.6391,-120.4579,78.93,86,75,4.61,US,1692296871
46,vanimo,-2.6741,141.3028,76.89,89,95,4.94,PG,1692296871
47,la'ie,21.6477,-157.9253,82.11,73,9,14.25,US,1692296872
48,port lincoln,-34.7333,135.8667,52.57,72,98,21.05,AU,1692296872
49,wailua homesteads,22.0669,-159.378,81.39,82,40,13.8,US,1692296872
50,port elizabeth,-33.918,25.5701,59.29,67,0,10.36,ZA,1692296872
51,at taj,24.2049,23.2857,88.88,16,0,11.79,LY,1692296873
52,gebeit,21.0667,36.3167,93.79,26,83,3.94,SD,1692296873
53,villa de soto,-30.8552,-64.9995,85.41,25,1,11.52,AR,1692296873
54,thompson,55.7435,-97.8558,68.16,42,20,8.05,CA,1692296873
55,edinburgh of the seven seas,-37.0676,-12.3116,53.29,72,22,18.57,SH,1692296874
56,nikolayevsk-on-amure,53.1406,140.73,59.97,99,29,1.63,RU,1692296874
57,enewetak,11.3474,162.3373,83.41,77,93,8.19,MH,1692296874
58,san patricio,28.017,-97.5169,102.15,31,2,9.28,US,1692296875
59,cidreira,-30.1811,-50.2056,76.03,64,0,3.44,BR,1692296876
60,chern',53.4523,36.9145,68.14,59,1,7.34,RU,1692296876
61,ribeira grande,38.5167,-28.7,79.2,89,40,20.71,PT,1692296877
62,markovo,57.3206,107.0881,52.88,94,100,8.46,RU,1692296877
63,albany,42.6001,-73.9662,80.89,75,61,1.01,US,1692296586
64,waddan,29.1614,16.139,92.89,23,0,15.7,LY,1692296883
65,orchard homes,46.8633,-114.0484,90.39,28,0,4.61,US,1692296883
66,uturoa,-16.7333,-151.4333,77.4,74,71,22.44,PF,1692296884
67,hovd,48.0056,91.6419,59.23,33,6,4.52,MN,1692296884
68,stanley,54.868,-1.6985,59.79,83,75,8.05,GB,1692296829
69,ebon,4.582,168.6964,82.6,72,100,4.56,MH,1692296885
70,dul'durga,50.6761,113.5931,52.81,65,24,14.7,RU,1692296887
71,ciudad lazaro cardenas,17.9583,-102.2,82.08,75,100,4.76,MX,1692296888
72,bethel,41.3712,-73.414,76.86,86,75,9.22,US,1692296751
73,roosevelt,33.9668,-103.4505,97.9,19,3,1.86,US,1692296889
74,kurchatov,51.6601,35.6521,75.42,61,0,7.0,RU,1692296890
75,souillac,-20.5167,57.5167,70.18,88,20,2.3,MU,1692296890
76,oelwein,42.6733,-91.9135,74.62,64,0,8.99,US,1692296891
77,tela,15.7833,-87.45,91.35,66,40,11.5,HN,1692296800
78,juneau,58.3019,-134.4197,55.22,97,100,11.5,US,1692296892
79,sesheke,-17.4759,24.2968,71.96,19,9,5.66,ZM,1692296892
80,kodiak,57.79,-152.4072,60.31,59,0,12.66,US,1692296893
81,colchani,-20.3,-66.9333,50.56,16,0,12.12,BO,1692296894
82,puerto aysen,-45.4,-72.7,42.84,75,75,0.0,CL,1692296895
83,ust-nera,64.5667,143.2,52.72,87,34,2.24,RU,1692296895
84,hell-ville,-13.4,48.2667,77.58,78,0,7.56,MG,1692296896
85,mammoth lakes,37.6485,-118.9721,71.26,49,40,8.05,US,1692296737
86,bredasdorp,-34.5322,20.0403,50.47,82,31,8.08,ZA,1692296897
87,broken hill,-31.95,141.4333,45.25,80,0,16.55,AU,1692296695
88,gotsucho,35.0,132.2167,76.95,91,99,5.59,JP,1692296899
89,quatre cocos,-20.2078,57.7625,70.09,78,1,8.16,MU,1692296899
90,onega,63.9061,38.1404,60.48,97,82,6.13,RU,1692296900
91,bokkos,9.3,9.0,67.98,87,84,4.65,NG,1692296900
92,betio village,1.358,172.9211,78.84,75,92,8.57,KI,1692296900
93,tyukhtet,56.5389,89.3011,53.38,99,100,8.66,RU,1692296901
94,geraldton,-28.7667,114.6,43.21,100,0,4.61,AU,1692296902
95,kuanda,56.3161,116.0806,57.18,91,94,8.48,RU,1692296902
96,udachny,66.4167,112.4,59.45,93,99,14.76,RU,1692296903
97,popondetta,-8.7537,148.2534,73.17,92,100,1.99,PG,1692296903
98,norak,38.3892,69.3227,74.91,17,0,4.36,TJ,1692296904
99,baiti,13.745,-14.7482,81.9,82,91,7.45,SN,1692296904
100,olonkinbyen,70.9221,-8.7187,44.4,92,100,7.14,SJ,1692296905
101,bilibino,68.0546,166.4372,45.14,86,90,2.1,RU,1692296906
102,happy valley-goose bay,53.3168,-60.3315,80.91,44,75,12.66,CA,1692296906
103,usinsk,65.9939,57.5281,63.59,71,98,9.15,RU,1692296907
104,weno,7.4515,151.8468,80.55,89,100,0.0,FM,1692296907
105,mount pearl,47.5166,-52.7813,67.44,72,75,5.75,CA,1692296908
106,sinabang,2.4803,96.3801,78.94,83,100,0.85,ID,1692296909
107,ketchikan,55.3422,-131.6461,59.47,67,75,8.05,US,1692296909
108,longboat key,27.4125,-82.659,96.3,68,30,8.01,US,1692296910
109,cold lake,54.4502,-110.2017,67.95,68,100,6.91,CA,1692296910
110,phongsali,21.6833,102.1058,67.91,84,99,2.01,LA,1692296912
111,simpang,-1.2667,104.0833,75.33,91,82,2.35,ID,1692296913
112,tazacorte,28.629,-17.9293,76.17,73,40,12.66,ES,1692296913
113,al burayqah,30.4062,19.5739,80.73,68,0,15.32,LY,1692296914
114,constantia,44.1833,28.65,75.88,74,10,9.04,RO,1692296693
115,kamaishi,39.2667,141.8833,77.59,93,16,3.89,JP,1692296914
116,mary,37.0,62.5,83.32,16,0,10.27,TM,1692296915
117,guliston,40.4897,68.7842,74.25,17,5,6.04,UZ,1692296915
118,minas de marcona,-15.2119,-75.1103,62.42,63,54,17.4,PE,1692296916
119,carupano,10.6678,-63.2585,83.53,77,51,10.74,VE,1692296916
120,richards bay,-28.783,32.0377,72.18,65,81,17.63,ZA,1692296916
121,college,64.8569,-147.8028,58.21,81,100,9.22,US,1692296916
122,nar'yan-mar,67.6713,53.087,64.78,85,100,8.41,RU,1692296917
123,talnakh,69.4865,88.3972,45.21,68,0,2.17,RU,1692296917
124,knyaginino,55.8228,45.0349,70.0,76,0,6.78,RU,1692296918
125,mount gambier,-37.8333,140.7667,45.63,81,81,14.32,AU,1692296918
126,qaqortoq,60.7167,-46.0333,48.51,80,83,6.55,GL,1692296918
127,geneina,13.45,22.45,84.88,48,72,8.32,SD,1692296919
128,newman,37.3138,-121.0208,96.24,22,0,2.91,US,1692296919
129,coquimbo,-29.9533,-71.3436,64.13,72,0,13.8,CL,1692296920
130,port saint john's,-31.6229,29.5448,67.3,80,93,15.01,ZA,1692296920
131,kapuskasing,49.4169,-82.4331,66.29,82,100,16.11,CA,1692296920
132,ahtari,62.554,24.0619,57.88,83,9,4.72,FI,1692296920
133,egilsstadir,65.2653,-14.3948,57.11,72,75,18.41,IS,1692296921
134,nemuro,43.3236,145.575,67.03,99,100,17.56,JP,1692296921
135,mhangura,-16.8939,30.1683,62.08,44,13,4.32,ZW,1692296922
136,san pedro pochutla,15.7333,-96.4667,91.71,52,64,6.91,MX,1692296922
137,ahmadpur east,29.1431,71.2598,97.95,30,0,9.89,PK,1692296922
138,arkhangel'sk,64.5401,40.5433,60.15,97,99,2.77,RU,1692296923
139,chok chai,14.7284,102.1652,78.55,76,58,5.75,TH,1692296923
140,akureyri,65.6835,-18.0878,58.93,63,20,8.05,IS,1692296923
141,tangalle,6.024,80.7911,80.76,85,24,11.16,LK,1692296924
142,isafjordur,66.0755,-23.124,55.44,82,100,6.91,IS,1692296924
143,mongo,12.1844,18.693,84.63,64,91,2.3,TD,1692296924
144,georgetown,5.4112,100.3354,80.53,85,20,0.0,MY,1692296736
145,narasapur,16.45,81.6667,77.5,92,100,8.57,IN,1692296925
146,jeju city,33.5097,126.5219,78.73,83,20,5.75,KR,1692296925
147,annau,37.8876,58.516,81.9,21,0,4.61,TM,1692296925
148,pierre,44.3683,-100.351,74.86,45,0,6.91,US,1692296926
149,sale,34.0389,-6.8166,82.63,83,13,5.75,MA,1692296926
150,akrehamn,59.2667,5.1833,63.0,82,40,5.75,NO,1692296926
151,blackmans bay,-43.0167,147.3167,50.13,81,100,7.34,AU,1692296927
152,olyokminsk,60.3736,120.4264,64.22,78,100,11.1,RU,1692296927
153,igarka,67.4667,86.5833,49.42,78,32,8.1,RU,1692296674
154,beneditinos,-5.45,-42.3667,100.62,19,65,7.56,BR,1692296928
155,lumut,4.2323,100.6298,80.62,89,20,2.3,MY,1692296928
156,inirida,3.8653,-67.9239,93.94,48,19,0.85,CO,1692296928
157,san-pedro,4.7485,-6.6363,76.89,87,72,10.11,CI,1692296929
158,sambava,-14.2667,50.1667,72.75,84,3,13.15,MG,1692296929
159,antalaha,-14.9003,50.2788,71.42,84,0,9.33,MG,1692296929
160,siwa oasis,29.2041,25.5195,92.03,23,0,8.7,EG,1692296929
161,punta arenas,-53.15,-70.9167,35.71,93,100,10.36,CL,1692296752
162,vrontados,38.4089,26.1328,80.46,89,0,1.14,GR,1692296930
163,invercargill,-46.4,168.35,44.02,80,100,8.01,NZ,1692296930
164,dudinka,69.4058,86.1778,45.63,75,0,11.72,RU,1692296930
165,altai,46.3722,96.2583,48.24,38,0,3.06,MN,1692296931
166,tabou,4.423,-7.3528,77.56,86,31,10.92,CI,1692296931
167,magadan,59.5667,150.8,56.53,96,98,1.52,RU,1692296931
168,nogliki,51.8333,143.1667,57.2,98,100,8.34,RU,1692296932
169,sanliurfa,37.2128,38.7817,91.27,16,18,7.67,TR,1692296901
170,mejit,10.2753,170.8646,82.15,77,10,13.18,MH,1692296932
171,keokuk,40.3973,-91.3849,82.09,44,0,12.66,US,1692296932
172,crane,31.3974,-102.3501,99.88,20,8,8.81,US,1692296933
173,east london,-33.0153,27.9116,58.14,82,0,8.05,ZA,1692296933
174,lubao,14.9167,120.55,80.31,89,56,4.72,PH,1692296933
175,west island,-12.1568,96.8225,75.18,78,40,24.16,CC,1692296933
176,ta`u,-14.2336,-169.5144,80.64,80,32,16.26,AS,1692296934
177,touros,-5.1989,-35.4608,82.49,63,43,19.24,BR,1692296934
178,saipan,15.1355,145.701,81.64,100,20,4.61,MP,1692296934
179,hatillo,18.4863,-66.8254,93.38,76,10,11.99,PR,1692296935
180,balkashino,52.5167,68.7667,64.11,60,57,6.62,KZ,1692296935
181,gizo,-8.103,156.8419,78.66,87,93,14.2,SB,1692296935
182,jacmel,18.2342,-72.5347,91.24,63,9,8.19,HT,1692296936
183,inda silase,14.1031,38.2829,62.37,88,97,1.99,ET,1692296936
184,dolores,-36.3132,-57.6792,55.13,96,100,13.11,AR,1692296693
185,torghay,49.6339,63.4981,75.78,27,95,10.92,KZ,1692296937
186,itaituba,-4.2761,-55.9836,96.96,41,20,9.22,BR,1692296937
187,port mathurin,-19.6833,63.4167,73.38,79,39,12.88,MU,1692296937
188,puerto ayora,-0.7393,-90.3518,85.96,92,51,8.01,EC,1692296938
189,yemva,62.59,50.8594,67.64,80,25,4.81,RU,1692296938
190,penzance,50.1186,-5.5371,65.08,92,74,13.15,GB,1692296938
191,hobyo,5.3505,48.5268,77.05,85,31,27.22,SO,1692296938
192,afaahiti,-17.75,-149.2833,73.27,76,86,21.34,PF,1692296939
193,nova sintra,14.8667,-24.7167,74.98,83,82,17.45,CV,1692296939
194,la passe,45.5549,-0.8967,91.63,67,78,10.83,FR,1692296940
195,polyarnyy,69.1989,33.4478,47.77,78,100,25.66,RU,1692296940
196,taoudenni,22.6783,-3.9836,95.74,35,54,19.19,ML,1692296941
197,quibdo,5.6947,-76.6611,88.14,66,40,3.44,CO,1692296941
198,es castell,39.8795,4.2854,81.28,94,40,6.91,ES,1692296942
199,kasempa,-13.4584,25.8338,70.45,27,1,5.41,ZM,1692296942
200,island harbour,50.724,-1.2758,73.15,81,44,11.01,GB,1692296943
201,port alfred,-33.5906,26.891,58.75,77,16,8.95,ZA,1692296943
202,dange,12.8513,5.3471,90.88,42,14,4.5,NG,1692296944
203,vorkuta,67.5,64.0,56.07,91,100,0.6,RU,1692296944
204,ust'-kut,56.7938,105.7672,52.52,93,100,6.55,RU,1692296945
205,alice springs,-23.7,133.8833,55.22,53,0,57.0,AU,1692296948
206,hermanus,-34.4187,19.2345,56.8,80,32,12.44,ZA,1692296949
207,bataipora,-22.2953,-53.2711,92.32,22,0,6.58,BR,1692296950
208,vadso,70.0744,29.7487,50.16,71,40,11.5,NO,1692296950
209,dzhangala,49.2167,50.3333,78.15,46,65,6.6,KZ,1692296951
210,fortuna,40.5982,-124.1573,63.52,96,0,0.0,US,1692296951
211,anzio,41.4853,12.6179,84.85,73,0,6.38,IT,1692296952
212,taroa,8.7058,171.2275,82.2,78,52,12.35,MH,1692296953
213,inverell,-29.7833,151.1167,57.67,94,92,14.0,AU,1692296954
214,midvagur,62.0511,-7.1939,54.43,87,40,23.02,FO,1692296954
215,errachidia,31.9275,-4.4285,100.45,7,0,8.05,MA,1692296955
216,lubumbashi,-11.6609,27.4794,71.29,29,1,3.89,CD,1692296955
217,pacific grove,36.6177,-121.9166,73.22,87,40,9.22,US,1692296956
218,vorgashor,67.5833,63.95,55.72,91,100,0.89,RU,1692296956
219,narok,-1.0783,35.8601,61.93,74,96,4.43,KE,1692296957
220,porto novo,6.4965,2.6036,80.42,91,100,4.72,BJ,1692296958
221,anadyr,64.75,177.4833,57.7,82,75,17.9,RU,1692296958
222,greymouth,-42.4667,171.2,39.38,91,100,5.03,NZ,1692296959
223,susuman,62.7833,148.1667,52.0,96,99,1.34,RU,1692296959
224,kismayo,-0.3582,42.5454,76.75,81,19,15.99,SO,1692296959
225,carrigaline,51.8117,-8.3986,62.35,88,75,16.11,IE,1692296960
226,chibougamau,49.9168,-74.3659,76.62,50,75,18.41,CA,1692296960
227,makurazaki,31.2667,130.3167,78.98,87,82,13.15,JP,1692296961
228,suoyarvi,62.0833,32.35,61.75,80,34,8.08,RU,1692296961
229,hirara,24.8,125.2833,79.07,94,52,3.44,JP,1692296961
230,aigio,38.2486,22.0819,83.21,66,0,6.06,GR,1692296962
231,beaufort west,-32.3567,22.583,52.83,49,0,13.69,ZA,1692296962
232,siracusa,37.0881,15.2792,83.79,70,0,8.1,IT,1692296963
233,howrah,22.5892,88.3103,80.6,89,40,0.0,IN,1692296963
234,sos'va,59.1766,61.8558,68.18,73,42,4.41,RU,1692296963
235,klyuchi,52.2667,79.1667,61.54,85,33,3.15,RU,1692296964
236,newport,51.5877,-2.9984,72.82,73,98,10.22,GB,1692296774
237,murghob,38.1702,73.9667,53.33,44,0,5.39,TJ,1692296964
238,lazaro cardenas,17.9583,-102.2,82.08,75,100,4.76,MX,1692296933
239,vila velha,-20.3297,-40.2925,76.95,65,20,10.36,BR,1692296764
240,berdigestyakh,62.0989,126.6992,54.52,95,0,5.48,RU,1692296965
241,tazovsky,67.4667,78.7,44.6,79,26,9.06,RU,1692296966
242,salinopolis,-0.6136,-47.3561,84.27,69,69,14.9,BR,1692296871
243,kailua-kona,19.6406,-155.9956,82.36,70,40,1.01,US,1692296966
244,new norfolk,-42.7826,147.0587,51.3,94,100,3.2,AU,1692296967
245,puerto ayacucho,5.6639,-67.6236,88.66,63,31,3.47,VE,1692296967
246,tuzantla,19.2029,-100.5668,83.79,60,98,0.63,MX,1692296968
247,palmer,42.1584,-72.3287,76.89,69,100,9.22,US,1692296970
248,keflavik,64.0049,-22.5624,58.91,94,75,19.57,IS,1692296970
249,k'asp'i,41.9252,44.4257,75.07,35,0,2.24,GE,1692296970
250,okhotsk,59.3833,143.3,56.61,96,100,0.38,RU,1692296971
251,spearfish,44.4908,-103.8594,88.93,44,0,8.05,US,1692296693
252,malango,-2.9627,119.9001,65.75,99,72,0.78,ID,1692296971
253,taman',45.2117,36.7161,82.67,55,0,24.54,RU,1692296972
254,klaksvik,62.2266,-6.589,54.52,93,39,16.64,FO,1692296972
255,bagua grande,-5.7561,-78.4411,91.78,43,41,5.64,PE,1692296972
256,dedovichi,57.5517,29.9502,73.4,72,27,10.22,RU,1692296973
257,mount isa,-20.7333,139.5,69.57,52,1,12.66,AU,1692296973
258,marsabit,2.3284,37.9899,72.23,47,7,22.08,KE,1692296974
259,namibe,-15.1961,12.1522,62.64,87,32,6.31,AO,1692296974
260,bechar,31.6167,-2.2167,102.52,10,40,4.61,DZ,1692296975
261,puerto baquerizo moreno,-0.9,-89.6,81.59,69,40,11.5,EC,1692296976
262,hailar,49.2,119.7,51.58,91,19,7.85,CN,1692296976
263,bouca,6.5105,18.2733,75.31,86,83,1.25,CF,1692296977
264,staraya russa,57.9944,31.3608,70.09,87,18,9.75,RU,1692296977
265,tual,-5.6667,132.75,78.21,78,100,14.03,ID,1692296977
266,gao,16.6362,1.637,97.38,30,86,6.49,ML,1692296977
267,flin flon,54.7682,-101.865,67.84,60,40,9.22,CA,1692296978
268,quellon,-43.1167,-73.6167,50.25,62,40,5.75,CL,1692296978
269,tamanrasset,22.785,5.5228,78.71,50,40,5.75,DZ,1692296978
270,kruisfontein,-34.0033,24.7314,49.89,81,1,4.36,ZA,1692296978
271,mundo novo,-11.8589,-40.4725,84.02,38,48,12.68,BR,1692296979
272,taksimo,56.3444,114.8794,57.54,97,99,5.75,RU,1692296979
273,ola,59.5833,151.2833,57.15,94,91,1.19,RU,1692296979
274,fort bragg,35.139,-79.006,90.95,59,40,6.91,US,1692296745
275,kerikeri,-35.2268,173.9474,44.67,93,10,3.2,NZ,1692296980
276,floro,61.5996,5.0328,71.67,68,20,6.91,NO,1692296980
277,przeworsk,50.0591,22.4941,75.24,58,93,5.03,PL,1692296980
278,sinfra,6.6167,-5.9167,77.31,93,48,2.37,CI,1692296981
279,cabo san lucas,22.8909,-109.9124,96.62,66,20,5.75,MX,1692296701
280,novohrad-volynskyi,50.5941,27.6165,72.0,50,56,7.63,UA,1692296981
281,baotou,40.6522,109.8222,73.58,49,34,3.33,CN,1692296982
282,flying fish cove,-10.4217,105.6791,73.08,83,75,9.22,CX,1692296982
283,xinzhi,36.4989,111.7047,79.9,64,32,3.29,CN,1692296982
284,ilhabela,-23.7781,-45.3581,76.19,72,24,5.12,BR,1692296983
285,shahr-e babak,30.1165,55.1186,73.18,7,0,12.15,IR,1692296983
286,galesong,-5.3166,119.3661,73.42,74,25,5.97,ID,1692296984
287,iskateley,67.6803,53.1512,64.62,85,100,8.46,RU,1692296984
288,labrador city,52.9463,-66.9114,75.11,53,75,10.36,CA,1692296984
289,santa marta,11.2408,-74.199,91.45,70,20,5.75,CO,1692296984
290,san luis,-33.295,-66.3356,60.49,50,27,12.5,AR,1692296985
291,crixas,-14.5489,-49.9692,93.49,20,0,6.26,BR,1692296811
292,tidjikja,18.5564,-11.4271,96.19,34,49,11.83,MR,1692296985
293,ancud,-41.8697,-73.8203,46.71,63,66,13.65,CL,1692296986
294,northam,51.0333,-4.2167,71.62,74,97,15.66,GB,1692296986
295,daru,-9.0763,143.2092,75.43,74,88,12.35,PG,1692296986
296,al khums,32.6486,14.2619,79.65,65,0,10.07,LY,1692296986
297,trinidad,-14.8333,-64.9,93.18,43,20,9.22,BO,1692296987
298,sisimiut,66.9395,-53.6735,46.0,79,3,7.31,GL,1692296987
299,holualoa,19.6228,-155.9522,78.64,70,40,1.01,US,1692296962
300,el bagre,7.5927,-74.8086,92.41,50,96,4.27,CO,1692296988
301,longyearbyen,78.2186,15.6401,44.44,93,75,4.61,SJ,1692296988
302,melenki,55.3343,41.6295,70.25,74,14,5.12,RU,1692296989
303,kuragino,53.8975,92.6725,51.48,94,85,5.17,RU,1692296989
304,kokpekty,48.75,82.4,58.75,60,5,2.75,KZ,1692296989
305,augusta,48.3667,10.8833,70.5,88,40,3.44,DE,1692296991
306,vaasa,63.096,21.6158,63.05,77,0,4.0,FI,1692296991
307,selfoss,63.9331,-20.9971,58.05,83,100,4.43,IS,1692296991
308,fale old settlement,-9.3852,-171.2468,82.92,75,37,20.31,TK,1692296992
309,emerald,-23.5333,148.1667,64.26,49,1,15.88,AU,1692296992
310,susanville,40.4163,-120.653,84.81,37,0,8.01,US,1692296993
311,walvis bay,-22.9575,14.5053,56.08,62,29,17.78,NA,1692296993
312,atafu village,-8.5421,-172.5159,83.07,74,39,20.47,TK,1692296993
313,zarinsk,53.7074,84.9493,55.9,88,49,3.58,RU,1692296994
314,riviere-du-loup,47.8304,-69.5342,75.47,69,91,4.61,CA,1692296994
315,saint-pierre,-21.3393,55.4781,68.58,100,75,10.36,RE,1692296994
316,selkirk,50.1436,-96.8845,75.11,45,9,5.01,CA,1692296750
317,aasiaat,68.7098,-52.8699,38.52,71,4,9.15,GL,1692296995
318,road town,18.4167,-64.6167,91.49,66,20,14.97,VG,1692296726
319,aldinga beach,-35.2793,138.4604,53.42,77,61,20.2,AU,1692296995
320,broome,42.2506,-75.833,79.36,70,100,9.22,US,1692296996
321,alo,7.4178,6.7371,75.16,97,100,2.82,NG,1692296996
322,lihue,21.9789,-159.3672,81.99,76,40,13.8,US,1692296996
323,timbuktu,16.7735,-3.0074,96.98,34,98,8.16,ML,1692296997
324,hailun,47.45,126.9333,68.77,96,83,6.6,CN,1692296997
325,hadibu,12.65,54.0333,78.39,80,27,14.9,YE,1692296997
326,dunedin,-45.8742,170.5036,43.81,82,60,3.0,NZ,1692296968
327,mil'kovo,55.6078,37.7956,73.8,59,19,2.44,RU,1692296998
328,awjilah,29.1081,21.2869,88.74,26,0,11.88,LY,1692296999
329,sandnessjoen,66.0217,12.6316,55.92,66,75,6.91,NO,1692296999
330,mahina,-17.5065,-149.489,74.97,73,40,3.44,PF,1692296999
331,buala,-8.145,159.5921,78.39,87,64,6.62,SB,1692297000
332,praia da vitoria,38.7333,-27.0667,84.45,70,20,19.84,PT,1692297000
333,pisco,-13.7,-76.2167,71.65,64,100,20.71,PE,1692297001
334,takoradi,4.8845,-1.7554,74.86,94,100,8.9,GH,1692297002
335,manicore,-5.8092,-61.3003,91.35,58,75,4.61,BR,1692297004
336,charters towers,-20.1,146.2667,57.51,83,80,10.11,AU,1692297005
337,alofi,-19.0595,-169.9187,71.49,94,80,5.75,NU,1692297006
338,winnemucca,40.973,-117.7357,84.25,34,0,4.61,US,1692297007
339,muynoq,43.7683,59.0214,80.47,26,0,11.36,UZ,1692297008
340,usogorsk,63.4106,48.6872,64.67,74,20,5.79,RU,1692297008
341,tomatlan,19.9333,-105.25,92.97,54,99,4.83,MX,1692297009
342,kirando,-7.4167,30.6,78.06,49,5,1.97,TZ,1692297009
343,kabinda,-6.1333,24.4833,81.25,23,41,4.65,CD,1692297009
344,caxito,-8.5785,13.6643,70.0,80,11,5.59,AO,1692297010
345,takanosu,40.2219,140.3694,73.17,97,31,2.24,JP,1692297011
346,upington,-28.4478,21.2561,55.78,28,0,5.75,ZA,1692297011
347,mananjary,-21.2167,48.3333,67.84,79,100,2.98,MG,1692297012
348,pangody,65.85,74.4859,49.84,84,30,6.62,RU,1692296857
349,noumea,-22.2763,166.4572,64.99,99,49,7.78,NC,1692296755
350,altay,47.8667,88.1167,54.86,50,0,5.23,CN,1692297013
351,lerwick,60.1545,-1.1494,57.2,85,0,9.44,GB,1692297014
352,valparaiso,-33.0393,-71.6273,62.24,91,75,5.75,CL,1692297015
353,el granada,37.5027,-122.4694,85.57,75,0,9.22,US,1692297015
354,healesville,-37.65,145.5167,48.76,99,100,2.62,AU,1692297016
355,charkhari,25.4,79.75,79.9,82,94,11.36,IN,1692297016
356,dryden,49.7833,-92.7503,64.69,48,75,11.5,CA,1692297017
357,aioun,16.6614,-9.6149,93.45,40,94,6.17,MR,1692297018
358,acarau,-2.8856,-40.12,83.28,62,12,21.5,BR,1692297018
359,khandyga,62.6667,135.6,54.14,97,7,1.7,RU,1692297019
360,pointe-noire,-4.7761,11.8635,69.87,100,100,5.75,CG,1692297019
361,harar,9.3094,42.1258,65.21,59,34,7.85,ET,1692297020
362,pirae,-17.5167,-149.5333,75.22,73,40,3.44,PF,1692297020
363,fort mcmurray,56.7268,-111.381,76.59,50,0,11.5,CA,1692297021
364,banposh,22.25,84.8,77.68,94,100,5.59,IN,1692297022
365,remire-montjoly,4.9167,-52.2667,89.64,70,75,10.36,GF,1692297022
366,reggane,26.7158,0.1714,102.2,13,0,10.4,DZ,1692297023
367,carauari,-4.8828,-66.8958,94.57,39,91,1.12,BR,1692297023
368,saint-philippe,-21.3585,55.7679,67.59,88,87,12.21,RE,1692297024
369,lagoa,39.05,-27.9833,75.56,90,19,28.74,PT,1692297025
370,nuuk,64.1835,-51.7216,41.61,93,75,6.91,GL,1692297025
371,north bend,43.4065,-124.2243,72.27,82,100,9.22,US,1692297026
372,christchurch,-43.5333,172.6333,37.94,88,65,2.3,NZ,1692296864
373,okha,53.5739,142.9478,58.1,93,99,5.91,RU,1692297027
374,altamira,-3.2033,-52.2064,91.49,49,75,3.44,BR,1692297027
375,dazhong,33.1997,120.4578,73.78,89,0,3.15,CN,1692297027
376,thief river falls,48.1191,-96.1812,72.55,30,3,14.63,US,1692296774
377,bubaque,11.2833,-15.8333,80.44,76,100,11.9,GW,1692297028
378,novyy urengoy,66.0833,76.6333,47.95,65,59,7.76,RU,1692297029
379,gongchangling,41.1167,123.45,70.18,92,3,3.6,CN,1692297029
380,ende,-8.8432,121.6623,73.47,85,80,5.01,ID,1692297030
381,banlung,13.7468,107.0045,72.16,99,93,0.07,KH,1692297031
382,kununurra,-15.7667,128.7333,66.18,88,40,0.0,AU,1692297031
383,agat village,13.3886,144.6585,80.71,91,0,4.61,GU,1692297032
384,arraial do cabo,-22.9661,-42.0278,76.96,69,0,23.02,BR,1692297032
385,novodvinsk,64.4165,40.8122,60.01,97,100,3.09,RU,1692297033
386,vilyuchinsk,52.9306,158.4028,62.87,86,100,5.32,RU,1692297033
387,severo-yeniseyskiy,60.3725,93.0408,46.49,95,97,2.35,RU,1692297034
388,mildura,-34.2,142.15,45.07,90,9,18.34,AU,1692297034
389,itoman,26.1247,127.6694,81.37,96,20,4.61,JP,1692297034
390,yuzhno-kurilsk,44.0306,145.8556,68.16,98,98,15.28,RU,1692297035
391,san andres,12.5847,-81.7006,82.42,83,75,12.66,CO,1692296836
392,malegaon,20.55,74.5333,76.44,73,100,12.88,IN,1692297035
393,howard springs,-12.497,131.047,71.51,93,36,3.44,AU,1692297036
394,ghadamis,30.1337,9.5007,91.85,15,1,13.76,LY,1692297037
395,tolanaro,-25.0319,46.9987,68.07,64,40,9.22,MG,1692297038
396,levuka,50.1834,-105.4011,80.33,26,0,6.91,CA,1692297038
397,dubbo,-32.25,148.6167,53.73,94,100,10.36,AU,1692297039
398,chukhloma,58.7525,42.6825,64.56,72,9,3.38,RU,1692297040
399,dzuunharaa,48.8523,106.4579,51.26,87,100,4.54,MN,1692297040
400,pauls valley,34.7401,-97.2223,98.91,28,0,4.61,US,1692297041
401,cidade velha,14.9167,-23.6167,82.87,78,75,11.5,CV,1692297041
402,horta,38.5333,-28.6333,78.44,91,40,20.71,PT,1692297042
403,bhawana,31.5692,72.649,95.13,38,0,5.66,PK,1692297042
404,nha trang,12.25,109.1833,82.4,78,15,5.08,VN,1692297042
405,hanzhong,33.0728,107.0303,69.66,70,36,2.77,CN,1692297008
406,isangel,-19.55,169.2667,59.11,94,40,0.0,VU,1692297043
407,urzhum,57.1141,49.9996,73.08,58,73,6.11,RU,1692297043
408,al quwayrah,29.8004,35.3116,89.6,46,47,5.1,JO,1692297043
409,kilindoni,-7.9139,39.6668,76.71,79,3,16.02,TZ,1692297044
410,san jose de guanipa,8.8872,-64.1651,93.11,42,78,1.81,VE,1692297044
411,kone,-21.0595,164.8658,59.7,89,0,3.58,NC,1692297045
412,camocim,-2.9022,-40.8411,87.69,53,24,18.81,BR,1692297045
413,prince rupert,54.3161,-130.3201,59.09,79,100,19.57,CA,1692296932
414,sebastopol,44.6,33.5333,82.0,38,0,3.0,UA,1692296777
415,lata,40.1629,-8.3327,76.91,73,100,4.7,PT,1692297046
416,lae,-6.7221,146.9847,74.57,89,78,1.83,PG,1692297046
417,mujiayingzi,42.1167,118.7833,71.94,66,96,4.92,CN,1692297047
418,labytnangi,66.6572,66.4183,59.43,83,99,4.79,RU,1692297052
419,kichmengskiy gorodok,59.9816,45.7854,64.24,81,100,3.69,RU,1692297053
420,salekhard,66.53,66.6019,59.4,81,100,5.95,RU,1692297053
421,vila franca do campo,37.7167,-25.4333,77.41,86,100,15.64,PT,1692297054
422,bayganin,48.6947,55.8742,75.61,47,95,2.48,KZ,1692297054
423,nouadhibou,20.931,-17.0347,80.58,74,98,13.8,MR,1692297055
424,corner brook,48.9667,-57.9484,75.36,52,14,6.8,CA,1692297035
425,kodinsk,58.6881,99.1844,53.47,86,86,4.29,RU,1692297056
426,nagqu,31.5,92.0,42.42,70,100,4.43,CN,1692297056
427,port arthur,38.8,121.2667,75.42,85,0,3.65,CN,1692297002
428,el alto,-4.2714,-81.2147,80.26,60,0,21.3,PE,1692297057
429,zhanaozen,43.3,52.8,82.83,29,0,13.49,KZ,1692297057
430,luwuk,-0.9516,122.7875,75.22,89,100,4.43,ID,1692297057
431,ang thong,14.6167,100.3667,85.17,65,74,5.95,TH,1692297058
432,harstad,68.799,16.5293,54.79,88,100,4.0,NO,1692297058
433,nanao,37.05,136.9667,81.28,92,26,2.13,JP,1692297059
434,yulinshi,38.2906,109.7494,69.8,43,0,5.86,CN,1692297060
435,saint-paul,-21.0096,55.2707,69.89,95,30,1.28,RE,1692297060
436,amstetten,48.1229,14.8721,75.97,85,0,3.38,AT,1692297060
437,madera,37.1666,-119.8343,103.24,27,0,7.2,US,1692297061
438,karratha,-20.7377,116.8463,67.01,37,0,13.94,AU,1692297061
439,gisborne,-38.6533,178.0042,41.83,85,25,6.29,NZ,1692297062
440,barguzin,53.6167,109.6167,51.89,93,100,9.8,RU,1692297062
441,salalah,17.0151,54.0924,78.89,94,100,5.75,OM,1692297063
442,sona,45.4388,10.8255,85.55,61,20,2.3,IT,1692297064
443,bom jardim,-7.7958,-35.5872,77.79,63,86,14.07,BR,1692297065
444,taquarituba,-23.5331,-49.2444,83.66,32,7,6.24,BR,1692297065
445,joshimath,30.5667,79.5667,71.19,90,99,0.87,IN,1692297067
446,santana,-0.0583,-51.1817,93.38,55,20,5.75,BR,1692297069
447,laojunmiao,39.8333,97.7333,62.28,32,100,4.12,CN,1692297069
448,mudgee,-32.5943,149.5871,52.79,94,100,14.7,AU,1692297070
449,lorengau,-2.0226,147.2712,79.79,85,100,8.52,PG,1692297071
450,codrington,-38.2667,141.9667,48.29,80,86,24.43,AU,1692297071
451,shadrinsk,56.0852,63.6335,66.11,57,56,6.64,RU,1692297072
452,gueckedou,8.6667,-10.25,73.65,94,27,2.77,GN,1692297072
453,shitanjing,39.2342,106.3439,70.39,22,75,3.76,CN,1692297073
454,palmas,-10.2128,-48.3603,93.07,31,0,3.44,BR,1692296952
455,lautoka,-17.6167,177.4667,69.66,94,20,4.61,FJ,1692297069
456,kizhinga,51.8462,109.9097,51.3,77,76,10.69,RU,1692297084
457,xiva,41.3783,60.3639,76.98,16,0,7.2,UZ,1692297084
458,skovorodino,53.9833,123.9167,64.15,98,100,4.81,RU,1692297085
459,nguigmi,14.2495,13.1092,87.46,56,100,9.37,NE,1692297085
460,balqash,46.8481,74.995,71.28,40,4,10.02,KZ,1692297089
461,banamba,13.55,-7.45,81.73,69,100,6.26,ML,1692297092
462,whangarei,-35.7317,174.3239,43.11,96,12,2.44,NZ,1692297095
463,lafia,8.4833,8.5167,79.38,80,100,4.25,NG,1692297095
464,kill devil hills,36.0307,-75.676,86.0,79,75,14.97,US,1692297098
465,yemetsk,63.4721,41.7941,64.56,98,100,4.97,RU,1692297100
466,kirtipur,27.6667,85.2833,73.54,85,75,2.3,NP,1692297100
467,ampanihy,-24.7,44.75,62.8,65,6,11.18,MG,1692297102
468,port blair,11.6667,92.75,82.44,83,40,8.05,IN,1692297103
469,mangalia,43.8,28.5833,74.77,78,18,8.75,RO,1692297104
470,owando,-0.4819,15.8999,79.27,67,28,2.26,CG,1692297104
471,fukuecho,32.6881,128.8419,79.56,83,96,6.58,JP,1692297104
472,rongelap,11.1635,166.8941,82.72,76,18,10.83,MH,1692297105
473,hithadhoo,-0.6,73.0833,82.04,76,100,8.21,MV,1692297105
474,amungan,15.3652,119.9582,80.37,82,100,5.46,PH,1692297106
475,vallenar,-28.5708,-70.7581,76.12,22,100,4.47,CL,1692297106
476,immingham,53.6124,-0.2222,63.12,53,100,12.66,GB,1692297107
477,volchikha,52.0333,80.3833,58.33,91,57,3.15,RU,1692297107
478,lubang,13.8584,120.124,83.12,76,24,12.84,PH,1692297108
479,dallas,32.7668,-96.7836,106.74,33,0,9.22,US,1692296958
480,jurilovca,44.7667,28.8667,77.09,60,3,5.93,RO,1692297108
481,watampone,-4.5386,120.3279,73.6,87,100,3.2,ID,1692297109
482,al qitena,14.8648,32.3668,94.69,33,95,10.13,SD,1692297109
483,bukama,-9.2,25.85,81.72,24,0,1.72,CD,1692297110
484,zahedan,29.4963,60.8629,73.31,10,0,6.91,IR,1692297110
485,kawant,22.1,74.05,79.02,77,98,6.69,IN,1692297110
486,pakse,15.1167,105.7833,75.63,93,31,1.79,LA,1692297111
487,haiku-pauwela,20.9219,-156.3051,80.17,61,20,17.27,US,1692297111
488,demidov,55.2706,31.515,71.74,81,71,2.51,RU,1692297112
489,saint-francois,46.4154,3.9054,85.44,48,0,4.61,FR,1692297112
490,galliano,29.4422,-90.2992,97.0,49,40,3.44,US,1692297112
491,pemangkat,1.1667,108.9667,79.16,85,100,7.83,ID,1692297113
492,nova vicosa,-17.8919,-39.3719,75.24,66,11,8.99,BR,1692297113
493,el charco,2.4769,-78.1105,83.52,77,65,7.67,CO,1692297114
494,mamuju,-2.6748,118.8885,76.84,84,18,3.51,ID,1692297114
495,lenino,45.2986,35.7771,82.38,45,0,18.81,UA,1692297114
496,gillette,44.2911,-105.5022,88.11,32,0,14.97,US,1692296826
497,nacala,-14.5428,40.6728,71.98,77,0,7.52,MZ,1692297115
498,mar del plata,-38.0023,-57.5575,55.09,93,100,32.01,AR,1692297028
499,shippensburg,40.0507,-77.5203,87.67,45,13,5.01,US,1692297000
500,mahalapye,-23.1041,26.8142,66.9,30,21,8.28,BW,1692297116
501,maralal,1.0968,36.698,62.78,65,83,10.76,KE,1692297116
502,ruteng,-8.6136,120.4721,57.36,91,67,1.95,ID,1692297117
503,guercif,34.2257,-3.3536,91.35,25,11,12.8,MA,1692297117
504,sint michiel liber,12.15,-68.9833,89.42,62,0,13.8,CW,1692297117
505,laminusa,5.5549,120.9136,81.81,78,100,8.99,PH,1692297117
506,nikel,69.4128,30.222,48.38,84,9,11.68,RU,1692297118
507,st. john's,47.5649,-52.7093,68.27,73,75,5.75,CA,1692296884
508,sao paulo de olivenca,-3.3783,-68.8725,89.38,53,93,1.07,BR,1692297118
509,coahuayana de hidalgo,18.7,-103.6583,85.93,63,100,3.71,MX,1692297118
510,lelydorp,5.7,-55.2333,81.03,83,100,3.91,SR,1692297119
511,jean-rabel,19.8533,-73.1917,86.94,66,37,11.32,HT,1692297119
512,batu pahat,1.8548,102.9325,78.31,86,79,2.13,MY,1692297119
513,luino,46.0019,8.7451,80.69,61,100,5.75,IT,1692297120
514,mata-utu,-13.2816,-176.1745,81.55,71,26,13.11,WF,1692297120
515,hasaki,35.7333,140.8333,79.3,91,0,10.13,JP,1692297121
516,coyhaique,-45.5752,-72.0662,39.15,75,100,0.0,CL,1692297122
517,hilo,19.7297,-155.09,81.1,84,75,5.75,US,1692297123
518,smithers,54.7804,-127.1743,68.32,45,20,16.11,CA,1692297124
519,rio gallegos,-51.6226,-69.2181,39.25,87,100,14.97,AR,1692297124
520,monrovia,6.3005,-10.7969,80.37,84,55,10.18,LR,1692297124
521,yerofey pavlovich,53.9667,121.9667,53.91,95,55,8.52,RU,1692297125
522,vilhena,-12.7406,-60.1458,91.62,31,40,11.5,BR,1692297126
523,swakopmund,-22.6833,14.5333,55.98,80,26,5.99,NA,1692297127
524,shalkar,47.8288,59.6258,80.8,25,38,8.39,KZ,1692297127
525,tura,25.5198,90.2201,76.48,98,100,5.21,IN,1692297127
526,shilin,24.8188,103.3324,63.73,95,100,2.64,CN,1692297128
527,orkney,-26.9802,26.6727,63.19,30,35,10.56,ZA,1692297130
528,coracora,-15.0333,-73.7833,68.74,10,0,9.8,PE,1692297131
529,bandar abbas,27.1865,56.2808,91.38,70,6,2.3,IR,1692297131
530,tralee,52.2704,-9.7026,60.76,81,100,9.66,IE,1692297132
531,cuajinicuilapa,16.4667,-98.4167,93.16,46,99,8.01,MX,1692297132
532,kasongo-lunda,-6.4667,16.8167,85.05,34,11,2.13,CD,1692297133
533,ifakara,-8.1333,36.6833,77.54,50,68,7.11,TZ,1692297133
534,zonguldak,41.25,31.8333,66.92,80,0,2.33,TR,1692297134
535,beohari,24.05,81.3833,75.65,95,100,5.99,IN,1692297134
536,ocean shores,46.9737,-124.1563,66.02,88,100,9.22,US,1692297135
537,praia,14.9215,-23.5087,82.94,78,75,11.5,CV,1692297135
538,ekibastuz,51.6667,75.3667,69.85,47,64,2.84,KZ,1692297136
539,kadugli,11.0167,29.7167,77.07,77,20,2.3,SD,1692297137
540,kuantan,3.8077,103.326,77.11,94,20,10.36,MY,1692297137
541,roma,43.2128,-75.4557,82.81,62,100,11.5,US,1692297138
542,riberalta,-10.9833,-66.1,95.2,43,40,4.61,BO,1692297138
543,puerto madryn,-42.7692,-65.0385,43.57,87,100,20.22,AR,1692297139
544,nadi,-17.8,177.4167,69.8,94,20,4.61,FJ,1692297139
545,plesetsk,62.708,40.2916,63.82,96,100,5.26,RU,1692297140
546,sydney,-33.8679,151.2073,53.58,91,100,10.36,AU,1692296883
547,shwebo,22.5667,95.7,79.66,82,100,10.4,MM,1692297141
548,zambezi,-13.5432,23.1047,70.83,27,0,5.82,ZM,1692297141
549,utiel,39.5667,-1.2,77.86,52,0,8.21,ES,1692297142
550,kingston,17.997,-76.7936,92.35,68,20,14.97,JM,1692297054
551,nelson bay,-32.7167,152.15,55.09,97,19,11.01,AU,1692297143
552,rock springs,41.5875,-109.2029,88.05,25,0,6.91,US,1692297143
553,cabedelo,-6.9811,-34.8339,81.27,74,96,14.61,BR,1692297144
554,suifenhe,44.4,131.1667,65.26,97,0,1.16,CN,1692297144
555,malvan,16.0667,73.4667,79.68,82,100,9.71,IN,1692297145
556,kurumkan,54.3,110.3,51.46,94,100,4.9,RU,1692297146
557,kirensk,57.7853,108.1119,53.28,96,100,10.94,RU,1692297146
558,saveh,35.0213,50.3566,83.66,9,0,3.85,IR,1692297147
